{"RuleTriggered": 0, "Violations": 173, "Details": {"low_gpu_utilization": 431, "bottlenecks": {"1639417831.501013": {"GPUs": 1, "CPUs": 1}, "1639417832.000249": {"GPUs": 1, "CPUs": 1}, "1639417833.500277": {"GPUs": 1, "CPUs": 1}, "1639417834.000256": {"GPUs": 1, "CPUs": 1}, "1639417836.00025": {"GPUs": 1, "CPUs": 1}, "1639417839.000254": {"GPUs": 1, "CPUs": 1}, "1639417839.500289": {"GPUs": 1, "CPUs": 2}, "1639417840.000276": {"GPUs": 1, "CPUs": 4}, "1639417840.500324": {"GPUs": 1, "CPUs": 3}, "1639417841.016502": {"GPUs": 1, "CPUs": 2}, "1639417841.500401": {"GPUs": 1, "CPUs": 3}, "1639417842.000264": {"GPUs": 1, "CPUs": 1}, "1639417842.50086": {"GPUs": 1, "CPUs": 3}, "1639417843.000269": {"GPUs": 1, "CPUs": 3}, "1639417843.500254": {"GPUs": 1, "CPUs": 1}, "1639417844.000251": {"GPUs": 1, "CPUs": 1}, "1639417844.502276": {"GPUs": 1, "CPUs": 1}, "1639417845.000232": {"GPUs": 1, "CPUs": 1}, "1639417845.501023": {"GPUs": 1, "CPUs": 1}, "1639417846.000619": {"GPUs": 1, "CPUs": 1}, "1639417846.500275": {"GPUs": 1, "CPUs": 1}, "1639417847.000225": {"GPUs": 1, "CPUs": 1}, "1639417847.500247": {"GPUs": 1, "CPUs": 2}, "1639417850.000248": {"GPUs": 1, "CPUs": 1}, "1639417853.000238": {"GPUs": 1, "CPUs": 1}, "1639417854.000251": {"GPUs": 1, "CPUs": 1}, "1639417854.500295": {"GPUs": 1, "CPUs": 2}, "1639417855.000221": {"GPUs": 1, "CPUs": 1}, "1639417855.500262": {"GPUs": 1, "CPUs": 1}, "1639417856.000246": {"GPUs": 1, "CPUs": 1}, "1639417861.500252": {"GPUs": 1, "CPUs": 3}, "1639417862.000253": {"GPUs": 1, "CPUs": 2}, "1639417863.000255": {"GPUs": 1, "CPUs": 3}, "1639417863.50025": {"GPUs": 1, "CPUs": 3}, "1639417864.000253": {"GPUs": 1, "CPUs": 1}, "1639417864.500258": {"GPUs": 1, "CPUs": 2}, "1639417865.000273": {"GPUs": 1, "CPUs": 2}, "1639417866.500982": {"GPUs": 1, "CPUs": 1}, "1639417867.500232": {"GPUs": 1, "CPUs": 1}, "1639417868.001097": {"GPUs": 1, "CPUs": 1}, "1639417868.500263": {"GPUs": 1, "CPUs": 2}, "1639417869.000231": {"GPUs": 1, "CPUs": 3}, "1639417869.500248": {"GPUs": 1, "CPUs": 3}, "1639417870.000235": {"GPUs": 1, "CPUs": 3}, "1639417870.500324": {"GPUs": 1, "CPUs": 3}, "1639417871.000252": {"GPUs": 1, "CPUs": 2}, "1639417872.00022": {"GPUs": 1, "CPUs": 1}, "1639417872.500294": {"GPUs": 1, "CPUs": 1}, "1639417873.000267": {"GPUs": 1, "CPUs": 1}, "1639417876.000223": {"GPUs": 1, "CPUs": 1}, "1639417878.000374": {"GPUs": 1, "CPUs": 2}, "1639417879.500255": {"GPUs": 1, "CPUs": 1}, "1639417880.000246": {"GPUs": 1, "CPUs": 2}, "1639417880.500321": {"GPUs": 1, "CPUs": 2}, "1639417881.000235": {"GPUs": 1, "CPUs": 2}, "1639417881.500227": {"GPUs": 1, "CPUs": 2}, "1639417882.501028": {"GPUs": 1, "CPUs": 1}, "1639417883.000227": {"GPUs": 1, "CPUs": 2}, "1639417883.50023": {"GPUs": 1, "CPUs": 2}, "1639417884.000242": {"GPUs": 1, "CPUs": 1}, "1639417890.000249": {"GPUs": 1, "CPUs": 2}, "1639417890.500237": {"GPUs": 1, "CPUs": 1}, "1639417891.000278": {"GPUs": 1, "CPUs": 3}, "1639417891.500238": {"GPUs": 1, "CPUs": 2}, "1639417892.000243": {"GPUs": 1, "CPUs": 2}, "1639417893.000268": {"GPUs": 1, "CPUs": 1}, "1639417897.000234": {"GPUs": 1, "CPUs": 1}, "1639417897.500264": {"GPUs": 1, "CPUs": 1}, "1639417907.500224": {"GPUs": 1, "CPUs": 1}, "1639417908.000244": {"GPUs": 1, "CPUs": 1}, "1639417908.500236": {"GPUs": 1, "CPUs": 1}, "1639417909.00026": {"GPUs": 1, "CPUs": 1}, "1639417911.000246": {"GPUs": 1, "CPUs": 1}, "1639417912.501009": {"GPUs": 1, "CPUs": 2}, "1639417913.000232": {"GPUs": 1, "CPUs": 2}, "1639417913.500258": {"GPUs": 1, "CPUs": 2}, "1639417914.000254": {"GPUs": 1, "CPUs": 1}, "1639417914.50023": {"GPUs": 1, "CPUs": 1}, "1639417915.000254": {"GPUs": 1, "CPUs": 2}, "1639417915.500286": {"GPUs": 1, "CPUs": 2}, "1639417921.500515": {"GPUs": 1, "CPUs": 2}, "1639417922.000216": {"GPUs": 1, "CPUs": 1}, "1639417922.500244": {"GPUs": 1, "CPUs": 1}, "1639417927.500259": {"GPUs": 1, "CPUs": 1}, "1639417929.001055": {"GPUs": 1, "CPUs": 1}, "1639417931.000233": {"GPUs": 1, "CPUs": 1}, "1639417932.000238": {"GPUs": 1, "CPUs": 1}, "1639417932.500231": {"GPUs": 1, "CPUs": 1}, "1639417933.000235": {"GPUs": 1, "CPUs": 1}, "1639417933.50023": {"GPUs": 1, "CPUs": 1}, "1639417934.500247": {"GPUs": 1, "CPUs": 1}, "1639417935.000222": {"GPUs": 1, "CPUs": 1}, "1639417935.500264": {"GPUs": 1, "CPUs": 1}, "1639417936.000225": {"GPUs": 1, "CPUs": 1}, "1639417936.500251": {"GPUs": 1, "CPUs": 1}, "1639417937.000261": {"GPUs": 1, "CPUs": 1}, "1639417944.500292": {"GPUs": 1, "CPUs": 1}, "1639417949.000263": {"GPUs": 1, "CPUs": 2}, "1639417949.500248": {"GPUs": 1, "CPUs": 2}, "1639417950.000346": {"GPUs": 1, "CPUs": 2}, "1639417950.500798": {"GPUs": 1, "CPUs": 2}, "1639417951.000232": {"GPUs": 1, "CPUs": 2}, "1639417951.500228": {"GPUs": 1, "CPUs": 2}, "1639417952.000227": {"GPUs": 1, "CPUs": 2}, "1639417952.500229": {"GPUs": 1, "CPUs": 2}, "1639417953.000226": {"GPUs": 1, "CPUs": 2}, "1639417953.500226": {"GPUs": 1, "CPUs": 2}, "1639417954.00025": {"GPUs": 1, "CPUs": 2}, "1639417954.500257": {"GPUs": 1, "CPUs": 2}, "1639417955.000177": {"GPUs": 1, "CPUs": 1}, "1639417955.500937": {"GPUs": 1, "CPUs": 1}, "1639417956.000246": {"GPUs": 1, "CPUs": 2}, "1639417958.000241": {"GPUs": 1, "CPUs": 1}, "1639417984.00026": {"GPUs": 1, "CPUs": 1}, "1639417984.500236": {"GPUs": 1, "CPUs": 1}, "1639417999.000246": {"GPUs": 1, "CPUs": 1}, "1639418003.000251": {"GPUs": 1, "CPUs": 1}, "1639418004.000263": {"GPUs": 1, "CPUs": 1}, "1639418006.500253": {"GPUs": 1, "CPUs": 1}, "1639418011.000865": {"GPUs": 1, "CPUs": 1}, "1639418011.500243": {"GPUs": 1, "CPUs": 1}, "1639418013.500242": {"GPUs": 1, "CPUs": 1}, "1639418014.000266": {"GPUs": 1, "CPUs": 1}, "1639418014.50078": {"GPUs": 1, "CPUs": 1}, "1639418015.000236": {"GPUs": 1, "CPUs": 1}, "1639418017.00061": {"GPUs": 1, "CPUs": 1}, "1639418017.500996": {"GPUs": 1, "CPUs": 1}, "1639418019.001625": {"GPUs": 1, "CPUs": 1}, "1639418020.000253": {"GPUs": 1, "CPUs": 1}, "1639418020.500213": {"GPUs": 1, "CPUs": 1}, "1639418021.000244": {"GPUs": 1, "CPUs": 1}, "1639418023.000254": {"GPUs": 1, "CPUs": 1}, "1639418026.000263": {"GPUs": 1, "CPUs": 1}, "1639418026.50054": {"GPUs": 1, "CPUs": 1}, "1639418028.500285": {"GPUs": 1, "CPUs": 1}, "1639418029.000257": {"GPUs": 1, "CPUs": 1}, "1639418030.000256": {"GPUs": 1, "CPUs": 1}, "1639418031.500243": {"GPUs": 1, "CPUs": 1}, "1639418035.500576": {"GPUs": 1, "CPUs": 1}, "1639418041.000236": {"GPUs": 1, "CPUs": 1}, "1639418041.500262": {"GPUs": 1, "CPUs": 1}, "1639418043.500252": {"GPUs": 1, "CPUs": 1}, "1639418046.500245": {"GPUs": 1, "CPUs": 1}, "1639418048.00024": {"GPUs": 1, "CPUs": 1}, "1639418050.500253": {"GPUs": 1, "CPUs": 1}, "1639418052.000255": {"GPUs": 1, "CPUs": 1}, "1639418053.00059": {"GPUs": 1, "CPUs": 1}, "1639418054.000226": {"GPUs": 1, "CPUs": 1}, "1639418056.500236": {"GPUs": 1, "CPUs": 1}, "1639418057.500277": {"GPUs": 1, "CPUs": 1}, "1639418060.000241": {"GPUs": 1, "CPUs": 1}, "1639418060.500238": {"GPUs": 1, "CPUs": 1}, "1639418061.000235": {"GPUs": 1, "CPUs": 1}, "1639418063.500859": {"GPUs": 1, "CPUs": 1}, "1639418066.000275": {"GPUs": 1, "CPUs": 1}, "1639418066.500974": {"GPUs": 1, "CPUs": 1}, "1639418067.000255": {"GPUs": 1, "CPUs": 1}, "1639418069.500203": {"GPUs": 1, "CPUs": 1}, "1639418072.000235": {"GPUs": 1, "CPUs": 1}, "1639418074.000252": {"GPUs": 1, "CPUs": 1}, "1639418084.000341": {"GPUs": 1, "CPUs": 1}, "1639418085.00025": {"GPUs": 1, "CPUs": 1}, "1639418086.500759": {"GPUs": 1, "CPUs": 1}, "1639418087.000201": {"GPUs": 1, "CPUs": 1}, "1639418090.000223": {"GPUs": 1, "CPUs": 1}, "1639418090.500253": {"GPUs": 1, "CPUs": 1}, "1639418092.500245": {"GPUs": 1, "CPUs": 1}, "1639418094.500226": {"GPUs": 1, "CPUs": 1}, "1639418095.000248": {"GPUs": 1, "CPUs": 1}, "1639418096.500221": {"GPUs": 1, "CPUs": 1}, "1639418097.500234": {"GPUs": 1, "CPUs": 1}, "1639418098.000243": {"GPUs": 1, "CPUs": 1}, "1639418099.500225": {"GPUs": 1, "CPUs": 1}}}, "Datapoints": 553, "RuleParameters": "threshold:50\ncpu_threshold:90\ngpu_threshold:10\npatience:1000"}