{"RuleTriggered": 0, "Violations": 78, "Details": {"low_gpu_utilization": 431, "bottlenecks": {"1639417844.000251": {"GPUs": 1, "CPUs": 1}, "1639417844.502276": {"GPUs": 1, "CPUs": 1}, "1639417845.000232": {"GPUs": 1, "CPUs": 1}, "1639417845.501023": {"GPUs": 1, "CPUs": 1}, "1639417846.000619": {"GPUs": 1, "CPUs": 1}, "1639417847.000225": {"GPUs": 1, "CPUs": 1}, "1639417855.000221": {"GPUs": 1, "CPUs": 1}, "1639417855.500262": {"GPUs": 1, "CPUs": 2}, "1639417856.000246": {"GPUs": 1, "CPUs": 1}, "1639417867.500232": {"GPUs": 1, "CPUs": 2}, "1639417868.001097": {"GPUs": 1, "CPUs": 1}, "1639417868.500263": {"GPUs": 1, "CPUs": 2}, "1639417869.000231": {"GPUs": 1, "CPUs": 2}, "1639417869.500248": {"GPUs": 1, "CPUs": 3}, "1639417870.000235": {"GPUs": 1, "CPUs": 3}, "1639417870.500324": {"GPUs": 1, "CPUs": 3}, "1639417871.000252": {"GPUs": 1, "CPUs": 2}, "1639417872.500294": {"GPUs": 1, "CPUs": 1}, "1639417873.000267": {"GPUs": 1, "CPUs": 1}, "1639417881.000235": {"GPUs": 1, "CPUs": 2}, "1639417881.500227": {"GPUs": 1, "CPUs": 2}, "1639417882.501028": {"GPUs": 1, "CPUs": 1}, "1639417883.000227": {"GPUs": 1, "CPUs": 2}, "1639417883.50023": {"GPUs": 1, "CPUs": 1}, "1639417884.000242": {"GPUs": 1, "CPUs": 2}, "1639417890.000249": {"GPUs": 1, "CPUs": 2}, "1639417890.500237": {"GPUs": 1, "CPUs": 1}, "1639417891.000278": {"GPUs": 1, "CPUs": 3}, "1639417891.500238": {"GPUs": 1, "CPUs": 1}, "1639417892.000243": {"GPUs": 1, "CPUs": 2}, "1639417893.000268": {"GPUs": 1, "CPUs": 2}, "1639417893.500278": {"GPUs": 1, "CPUs": 2}, "1639417907.500224": {"GPUs": 1, "CPUs": 1}, "1639417908.000244": {"GPUs": 1, "CPUs": 1}, "1639417908.500236": {"GPUs": 1, "CPUs": 1}, "1639417909.00026": {"GPUs": 1, "CPUs": 1}, "1639417911.000246": {"GPUs": 1, "CPUs": 1}, "1639417911.50023": {"GPUs": 1, "CPUs": 2}, "1639417912.000459": {"GPUs": 1, "CPUs": 1}, "1639417912.501009": {"GPUs": 1, "CPUs": 2}, "1639417913.000232": {"GPUs": 1, "CPUs": 2}, "1639417913.500258": {"GPUs": 1, "CPUs": 2}, "1639417914.000254": {"GPUs": 1, "CPUs": 2}, "1639417914.50023": {"GPUs": 1, "CPUs": 2}, "1639417915.000254": {"GPUs": 1, "CPUs": 3}, "1639417915.500286": {"GPUs": 1, "CPUs": 2}, "1639417929.001055": {"GPUs": 1, "CPUs": 1}, "1639417929.500242": {"GPUs": 1, "CPUs": 1}, "1639417931.000233": {"GPUs": 1, "CPUs": 1}, "1639417932.000238": {"GPUs": 1, "CPUs": 2}, "1639417932.500231": {"GPUs": 1, "CPUs": 1}, "1639417933.000235": {"GPUs": 1, "CPUs": 1}, "1639417933.50023": {"GPUs": 1, "CPUs": 1}, "1639417934.000232": {"GPUs": 1, "CPUs": 1}, "1639417934.500247": {"GPUs": 1, "CPUs": 2}, "1639417935.000222": {"GPUs": 1, "CPUs": 2}, "1639417935.500264": {"GPUs": 1, "CPUs": 2}, "1639417936.000225": {"GPUs": 1, "CPUs": 1}, "1639417936.500251": {"GPUs": 1, "CPUs": 2}, "1639417937.000261": {"GPUs": 1, "CPUs": 3}, "1639417949.000263": {"GPUs": 1, "CPUs": 2}, "1639417949.500248": {"GPUs": 1, "CPUs": 2}, "1639417950.000346": {"GPUs": 1, "CPUs": 2}, "1639417950.500798": {"GPUs": 1, "CPUs": 2}, "1639417951.000232": {"GPUs": 1, "CPUs": 2}, "1639417951.500228": {"GPUs": 1, "CPUs": 2}, "1639417952.000227": {"GPUs": 1, "CPUs": 3}, "1639417952.500229": {"GPUs": 1, "CPUs": 3}, "1639417953.000226": {"GPUs": 1, "CPUs": 2}, "1639417953.500226": {"GPUs": 1, "CPUs": 3}, "1639417954.00025": {"GPUs": 1, "CPUs": 3}, "1639417954.500257": {"GPUs": 1, "CPUs": 2}, "1639417955.000177": {"GPUs": 1, "CPUs": 3}, "1639417955.500937": {"GPUs": 1, "CPUs": 2}, "1639417956.000246": {"GPUs": 1, "CPUs": 2}, "1639417956.500224": {"GPUs": 1, "CPUs": 2}, "1639417961.000235": {"GPUs": 1, "CPUs": 1}, "1639418023.000254": {"GPUs": 1, "CPUs": 1}}}, "Datapoints": 553, "RuleParameters": "threshold:50\nio_threshold:50\ngpu_threshold:10\npatience:1000"}